IMT,c0,c0slab,c1,c1slab,a0,a0slab,c4,c5,c6,c4slab,c5slab,c6slab,d,m,db,V2,s2,f4,f5,Tau,phi21,phi22,phi2V
pgv,8.097,13.194,-1.661,-2.422,-0.00395,-0.0019,1.336,-0.039,1.844,1.84,-0.05,0.8,0.2693,0.0252,67,850,-0.601,-0.31763,-0.0052,0.477,0.348,0.288,-0.179
pga,4.082,9.907,-1.662,-2.543,-0.00657,-0.00255,1.246,-0.021,1.128,1.84,-0.05,0.4,0.3004,0.0314,67,1350,-0.498,-0.44169,-0.0052,0.48,0.396,0.565,-0.18
0.01,3.714,9.962,-1.587,-2.554,-0.00657,-0.00255,1.246,-0.021,1.128,1.84,-0.05,0.4,0.2839,0.0296,67,1300,-0.498,-0.4859,-0.0052,0.476,0.397,0.56,-0.18
0.02,3.762,10.099,-1.593,-2.566,-0.00657,-0.00255,1.227,-0.021,1.128,1.884,-0.05,0.415,0.2854,0.0298,67,1225,-0.478,-0.4859,-0.00518,0.482,0.401,0.563,-0.181
0.025,3.859,10.181,-1.607,-2.578,-0.00657,-0.00255,1.221,-0.021,1.128,1.884,-0.05,0.43,0.2891,0.0302,67,1200,-0.464,-0.4859,-0.00515,0.49,0.405,0.575,-0.183
0.03,4.014,10.311,-1.63,-2.594,-0.00657,-0.00255,1.215,-0.021,1.128,1.884,-0.05,0.445,0.2932,0.0306,67,1200,-0.446,-0.4908,-0.00511,0.5,0.413,0.589,-0.188
0.04,4.223,10.588,-1.657,-2.629,-0.00657,-0.00255,1.207,-0.021,1.128,1.884,-0.05,0.46,0.3004,0.0313,67,1200,-0.431,-0.49569,-0.00505,0.515,0.439,0.616,-0.205
0.05,4.456,10.824,-1.687,-2.649,-0.00657,-0.00255,1.201,-0.021,1.128,1.884,-0.05,0.475,0.3048,0.0316,67,1225,-0.42,-0.49823,-0.00497,0.528,0.473,0.653,-0.23
0.075,4.742,11.084,-1.715,-2.65,-0.00657,-0.00255,1.19,-0.021,1.128,1.884,-0.05,0.49,0.2992,0.0321,67,1350,-0.442,-0.49724,-0.00489,0.53,0.529,0.722,-0.262
0.1,4.952,11.232,-1.737,-2.647,-0.00657,-0.00255,1.182,-0.021,1.128,1.884,-0.05,0.505,0.2854,0.032,67,1450,-0.485,-0.49471,-0.00478,0.524,0.517,0.712,-0.239
0.15,5.08,11.311,-1.745,-2.634,-0.00657,-0.00255,1.171,-0.021,1.162,1.884,-0.06,0.52,0.2814,0.0325,67,1500,-0.546,-0.48583,-0.0046,0.51,0.457,0.644,-0.185
0.2,5.035,11.055,-1.732,-2.583,-0.00657,-0.00255,1.163,-0.021,1.163,1.884,-0.068,0.535,0.291,0.0306,67,1425,-0.612,-0.47383,-0.00434,0.501,0.432,0.64,-0.138
0.25,4.859,10.803,-1.696,-2.539,-0.00657,-0.00255,1.156,-0.021,1.156,1.884,-0.075,0.55,0.2758,0.0306,67,1350,-0.688,-0.47696,-0.00402,0.492,0.45,0.633,-0.185
0.3,4.583,10.669,-1.643,-2.528,-0.00657,-0.00255,1.151,-0.021,1.151,1.884,-0.082,0.565,0.2719,0.0323,67,1250,-0.748,-0.4845,-0.0037,0.492,0.436,0.584,-0.158
0.4,4.18,10.116,-1.58,-2.452,-0.00657,-0.00255,1.143,-0.022,1.143,1.884,-0.091,0.58,0.2539,0.0302,67,1150,-0.802,-0.48105,-0.00342,0.492,0.433,0.556,-0.19
0.5,3.752,9.579,-1.519,-2.384,-0.00657,-0.00255,1.143,-0.023,1.143,1.884,-0.1,0.595,0.2482,0.0295,67,1025,-0.845,-0.46492,-0.00322,0.492,0.428,0.51,-0.186
0.75,3.085,8.837,-1.44,-2.338,-0.00635,-0.00211,1.217,-0.026,1.217,1.884,-0.115,0.61,0.2227,0.0266,67,900,-0.911,-0.43439,-0.00312,0.492,0.448,0.471,-0.177
1.0,2.644,8.067,-1.419,-2.267,-0.0058,-0.00187,1.27,-0.028,1.24,1.884,-0.134,0.625,0.1969,0.0231,67,800,-0.926,-0.38484,-0.0031,0.492,0.43,0.43,-0.166
1.5,2.046,6.829,-1.4,-2.166,-0.00505,-0.00154,1.344,-0.031,1.237,1.884,-0.154,0.64,0.1452,0.0118,67,760,-0.888,-0.31318,-0.0031,0.492,0.406,0.406,-0.111
2.0,1.556,5.871,-1.391,-2.077,-0.00429,-0.00131,1.396,-0.034,1.232,1.884,-0.154,0.655,0.06,0.007,67,760,-0.808,-0.25000,-0.0031,0.492,0.393,0.393,0
2.5,1.167,5.2,-1.394,-2.015,-0.00369,-0.00113,1.437,-0.036,1.227,1.884,-0.154,0.67,0,0,0,760,-0.743,-0.19000,-0.0031,0.492,0.381,0.381,0
3.0,0.92,4.83,-1.416,-2.012,-0.00321,-0.000979,1.47,-0.038,1.223,1.949,-0.154,0.685,0,0,0,760,-0.669,-0.14000,-0.0031,0.492,0.367,0.367,0
4.0,0.595,4.173,-1.452,-1.989,-0.00244,-0.000745,1.523,-0.044,1.216,2.031,-0.154,0.7,0,0,0,760,-0.585,-0.07000,-0.0031,0.492,0.33,0.33,0
5.0,0.465,3.833,-1.504,-1.998,-0.0016,-0.000564,1.564,-0.048,1.21,2.131,-0.154,0.715,0,0,0,760,-0.506,-0.03000,-0.0031,0.492,0.298,0.298,0
7.5,0.078,3.132,-1.569,-2.019,-0.000766,-0.000234,1.638,-0.059,1.2,2.185,-0.154,0.73,0,0,0,760,-0.418,-0.00500,-0.0031,0.492,0.254,0.254,0
10.0,0.046,2.72,-1.676,-2.047,0,0,1.69,-0.067,1.194,2.35,-0.154,0.745,0,0,0,760,-0.321,0.00000,-0.0031,0.492,0.231,0.231,0
